PRAGMA foreign_keys=OFF;
BEGIN TRANSACTION;
CREATE TABLE IF NOT EXISTS "migrations" ("id" integer primary key autoincrement not null, "migration" varchar not null, "batch" integer not null);
INSERT INTO migrations VALUES(51,'0001_01_01_000000_create_users_table',1);
INSERT INTO migrations VALUES(52,'0001_01_01_000001_create_cache_table',1);
INSERT INTO migrations VALUES(53,'0001_01_01_000002_create_jobs_table',1);
INSERT INTO migrations VALUES(54,'2024_12_20_151446_add_two_factor_columns_to_users_table',1);
INSERT INTO migrations VALUES(55,'2024_12_20_151641_create_personal_access_tokens_table',1);
INSERT INTO migrations VALUES(56,'2024_12_20_153555_create_products_table',1);
INSERT INTO migrations VALUES(57,'2024_12_20_153556_create_categories_table',1);
INSERT INTO migrations VALUES(58,'2024_12_23_160816_add_type_to_users_table',2);
INSERT INTO migrations VALUES(59,'2024_12_24_120308_create_subcategories_table',2);
INSERT INTO migrations VALUES(60,'2024_12_24_160956_create_carts_table',2);
INSERT INTO migrations VALUES(61,'2024_12_24_210104_create_wishlists_table',2);
INSERT INTO migrations VALUES(62,'2024_12_25_112356_create_payments_table',2);
INSERT INTO migrations VALUES(63,'2024_12_25_160236_add_verification_token_to_users_table',2);
INSERT INTO migrations VALUES(64,'2024_12_25_183932_add_verification_token_to_users_table',3);
INSERT INTO migrations VALUES(65,'2024_12_25_184802_add_verification_token_to_users_table',4);
CREATE TABLE IF NOT EXISTS "users" ("id" integer primary key autoincrement not null, "name" varchar not null, "email" varchar not null, "email_verified_at" datetime, "password" varchar not null, "location" varchar, "img" varchar, "remember_token" varchar, "current_team_id" integer, "profile_photo_path" varchar, "created_at" datetime, "updated_at" datetime, "two_factor_secret" text, "two_factor_recovery_codes" text, "two_factor_confirmed_at" datetime, "type" varchar check ("type" in ('admin', 'seller', 'buyer')) not null default 'buyer', "verification_token" varchar);
INSERT INTO users VALUES(1,'Mahmoud Amr','mahmoudezat03@gmail.com',NULL,'$2y$12$DfazhihlDj/2nAndq3mn5Omc3IReWJiTZ9tgiNwGopaAic/rmaSYy','Cairo, EGY',NULL,NULL,NULL,NULL,'2024-12-25 17:41:04','2024-12-25 17:41:04',NULL,NULL,NULL,'buyer',NULL);
INSERT INTO users VALUES(2,'Mahmoud Amr','mahmoudezat0403@gmail.com',NULL,'$2y$12$QfqR.4zhNKTdd/2WDTyEAOnn7UWGd59rj5VTnLdTd3aWckoBG5kLi','Cairo, EGY',NULL,NULL,NULL,NULL,'2024-12-25 17:41:37','2024-12-25 17:41:37',NULL,NULL,NULL,'buyer',NULL);
INSERT INTO users VALUES(3,'Mahmoud Amr','mahmoudezat043@gmail.com',NULL,'$2y$12$I61tVuUD/eZdYNa9GU2UW.sZXdlGg.6ipqlady2pLpj2xObN65CN6','Cairo, EGY',NULL,NULL,NULL,NULL,'2024-12-25 17:43:17','2024-12-25 17:43:17',NULL,NULL,NULL,'buyer',NULL);
INSERT INTO users VALUES(4,'Mahmoud Amr','mahmoudezat43@gmail.com',NULL,'$2y$12$tCgmJIAcisFOcJ0h9rtELurfmslXIdRUk9rZwrqoelss/6ODiZSQu','Cairo, EGY',NULL,NULL,NULL,NULL,'2024-12-25 17:45:43','2024-12-25 17:45:43',NULL,NULL,NULL,'buyer',NULL);
INSERT INTO users VALUES(5,'Mahmoud Amr','mahmoudezat04223@gmail.com',NULL,'$2y$12$F06f/wuqmokS89DK8yBlkeNkCqhlmXssY2FEd3oAI7C0VH5wWSb6C','Cairo, EGY',NULL,NULL,NULL,NULL,'2024-12-25 17:48:18','2024-12-25 17:48:18',NULL,NULL,NULL,'buyer',NULL);
INSERT INTO users VALUES(6,'Mahmoud Amr','mahmoudezat042523@gmail.com',NULL,'$2y$12$21KjNEe89aDmko3lOqAUseneUenTGr.wPitGOlHBEinaYtgwyl6NK','Banisweif, EGY',NULL,NULL,NULL,NULL,'2024-12-25 17:54:06','2024-12-25 17:54:06',NULL,NULL,NULL,'buyer',NULL);
INSERT INTO users VALUES(7,'Mahmoud Amr','mahmoudezat04253323@gmail.com',NULL,'$2y$12$cLOTZRJGkaXfGOJFfrTvtu/R1J157NfdKXMBjcog8h5OhwyyPzMEW','Cairo, EGY',NULL,NULL,NULL,NULL,'2024-12-25 17:56:52','2024-12-25 17:56:52',NULL,NULL,NULL,'buyer',NULL);
INSERT INTO users VALUES(8,'Mahmoud Amr','mahmoudezat042532323@gmail.com',NULL,'$2y$12$owCjWKLCJ0r8sfdR6rjxWOenZSPJkUwOHnBIrC9NlIaKvrlyyAuQy','Cairo, EGY',NULL,NULL,NULL,NULL,'2024-12-25 17:59:47','2024-12-25 17:59:47',NULL,NULL,NULL,'buyer',NULL);
INSERT INTO users VALUES(9,'Mahmoud Amr','mahmoudezat0242523@gmail.com',NULL,'$2y$12$sZAl2iPDuJJUybgSB5REc.Jzwp0/wC2Bx2zFfDZ8uj02BXLzdbyqm','Cairo, EGY',NULL,NULL,NULL,NULL,'2024-12-25 18:00:21','2024-12-25 18:00:21',NULL,NULL,NULL,'buyer',NULL);
INSERT INTO users VALUES(10,'Mahmoud Amr','mahmoudezat02423@gmail.com',NULL,'$2y$12$1quTeHvMzciDquXhtBNPs.NsIBFWEpSgEEsY.X4gcOCTvUycRdO7i','Cairo, EGY',NULL,NULL,NULL,NULL,'2024-12-25 18:03:28','2024-12-25 18:03:28',NULL,NULL,NULL,'buyer',NULL);
INSERT INTO users VALUES(11,'Mahmoud Amr','mahmoudezat3@gmail.com',NULL,'$2y$12$JJ/WSERZRAX1X2YuvD7jBOrDgIIoT.lMJ4rJ8jaDtPARGm5IUg2bW','Cairo, EGY',NULL,NULL,NULL,NULL,'2024-12-25 18:04:00','2024-12-25 18:04:00',NULL,NULL,NULL,'buyer',NULL);
INSERT INTO users VALUES(12,'Mahmoud Amr','mahmoudezat0313@gmail.com',NULL,'$2y$12$UaMpab4G.lbLzqv.1a5So.jIhwz7NTeMspEBk/lZWTDCssFR1vOIe','Cairo, EGY',NULL,NULL,NULL,NULL,'2024-12-25 18:06:29','2024-12-25 18:06:29',NULL,NULL,NULL,'buyer',NULL);
INSERT INTO users VALUES(13,'Mahmoud Amr','mahmoudezat03133@gmail.com',NULL,'$2y$12$WXGOPL9BSHR7LfNRcumcrOxSmxUcSE4hlApQ6MHgzbiWHbNtEKgA.','Cairo, EGY',NULL,NULL,NULL,NULL,'2024-12-25 18:07:34','2024-12-25 18:07:34',NULL,NULL,NULL,'buyer',NULL);
INSERT INTO users VALUES(14,'Mahmoud Amr','mahmoudezat0343@gmail.com',NULL,'$2y$12$p4fxHXtvbuytN7oE8PKH6.x8VUosInVmPvtejY5gnqShBIk9TwNly','Cairo, EGY',NULL,NULL,NULL,NULL,'2024-12-25 18:08:03','2024-12-25 18:08:03',NULL,NULL,NULL,'buyer',NULL);
INSERT INTO users VALUES(15,'Mahmoud Amr','mahmoudezat02223@gmail.com',NULL,'$2y$12$iagEgpJL1RrSll2YSK.V4uF9h61NIzpspdJZuKSaSfPsA/sDsVuIq','Cairo, EGY',NULL,NULL,NULL,NULL,'2024-12-25 18:13:33','2024-12-25 18:13:33',NULL,NULL,NULL,'seller',NULL);
INSERT INTO users VALUES(16,'Mahmoud Amr','mahmoudezat02123@gmail.com',NULL,'$2y$12$xAqLhTCvs08L3RLsAIKYU.te/jspdQNoMM7DolqrmTa3wvx.BEy0i','Cairo, EGY',NULL,NULL,NULL,NULL,'2024-12-25 18:15:12','2024-12-25 18:15:12',NULL,NULL,NULL,'seller',NULL);
INSERT INTO users VALUES(17,'Mahmoud Amr','mahmoudezat01123@gmail.com',NULL,'$2y$12$TseQGWyJFCCe1.C6y3DajuGCxLMLZ7057RoAO6e2866JKGXK3nr3e','Cairo, EGY',NULL,NULL,NULL,NULL,'2024-12-25 18:16:06','2024-12-25 18:16:06',NULL,NULL,NULL,'seller',NULL);
INSERT INTO users VALUES(18,'Mahmoud Amr','mahmoudezat042223@gmail.com',NULL,'$2y$12$5V3kOEBFo/vfKC/aQTt5Tuw6TzinDLwYLzg/wioBLzcCLk4QaJuki','Cairo, EGY',NULL,NULL,NULL,NULL,'2024-12-25 18:20:28','2024-12-25 18:20:28',NULL,NULL,NULL,'buyer',NULL);
INSERT INTO users VALUES(19,'Mahmoud Ezat','mahmoudezat042221@gmail.com',NULL,'$2y$12$Gzd9djyJAMdIwiZmBfTXne8wmkO8M/BYoCfrlHxRbdU6CzfzPEbcy','giza, EGY',NULL,NULL,NULL,NULL,'2024-12-25 18:22:54','2024-12-25 18:22:54',NULL,NULL,NULL,'buyer',NULL);
INSERT INTO users VALUES(20,'ww','mahmoudezat04121@gmail.com',NULL,'$2y$12$kmefHJ9.4BDqCTYmv8k08.rr3Itvl.3PZcbAbM.eG5Bzt0GOaoTY.','Cairo, EGY',NULL,NULL,NULL,NULL,'2024-12-25 18:26:36','2024-12-25 18:26:36',NULL,NULL,NULL,'buyer',NULL);
INSERT INTO users VALUES(21,'Mahmoud Amr','mahmoudezat0421@gmail.com',NULL,'$2y$12$pX8FA7vENUrYgVUvQY1UCOEOWDpYLBDs9/gC0wf1xh06lWpQtyvNa','Cairo, EGY',NULL,NULL,NULL,NULL,'2024-12-25 18:34:52','2024-12-25 18:34:52',NULL,NULL,NULL,'buyer',NULL);
INSERT INTO users VALUES(22,'Mahmoud Ezat','mahmoudezat04221@gmail.com',NULL,'$2y$12$uPp0gsgGhVbVA9rHrZjfN.CnaBQqAj.9VbrUoV8C6hjgo0tk4ziV.','Banisweif, EGY',NULL,NULL,NULL,NULL,'2024-12-25 18:45:08','2024-12-25 18:45:08',NULL,NULL,NULL,'buyer',NULL);
INSERT INTO users VALUES(23,'Mahmoud Amr','mahmoudezat04111@gmail.com',NULL,'$2y$12$2N4Z2S.o8AcYdWvhq4/7FuZdIA1s4MWlztM2kdbwBGaAn5Tb.FhHO','Cairo, EGY',NULL,NULL,NULL,NULL,'2024-12-25 18:48:58','2024-12-25 18:48:58',NULL,NULL,NULL,'buyer',NULL);
INSERT INTO users VALUES(24,'Mahmoud Amr','mahmoudezat04001@gmail.com',NULL,'$2y$12$cUcKelOUdpNVQtNNRx1P9.Ncry3tI9U14salfVLiAT0aWeAn1Pftq','Cairo, EGY',NULL,NULL,NULL,NULL,'2024-12-25 18:51:46','2024-12-25 18:51:46',NULL,NULL,NULL,'buyer',NULL);
INSERT INTO users VALUES(25,'Mahmoud Amr','mahmoudezat022001@gmail.com',NULL,'$2y$12$Rnc2TGA8m49qBIuQdaUBH.r6FRyeLezeC0DbLWgQgUman9pmesr/q','Cairo, EGY',NULL,NULL,NULL,NULL,'2024-12-25 19:02:08','2024-12-25 19:02:08',NULL,NULL,NULL,'buyer',NULL);
INSERT INTO users VALUES(26,'wwwwwwww','mahmoudezat011001@gmail.com',NULL,'$2y$12$xo/3s/Cz.svBAOkvfM4iGO2X2uwpthRmMPa1ViU4wUM.7LAOr1aH2','Banisweif, EGY',NULL,NULL,NULL,NULL,'2024-12-25 19:08:38','2024-12-25 19:09:46',NULL,NULL,NULL,'buyer',NULL);
INSERT INTO users VALUES(27,'Mahmoud Amr','mahmoudezat011201@gmail.com',NULL,'$2y$12$xShQ/1mpeL0Y4WOznkVH8eZ.fyyxUS1d2qqQWfHBASotjxCaLC6G2','Cairo, EGY',NULL,NULL,NULL,NULL,'2024-12-25 19:14:16','2024-12-25 19:15:24',NULL,NULL,NULL,'buyer',NULL);
INSERT INTO users VALUES(28,'Mahmoud Amr','mahmoudezat0111101@gmail.com','2024-12-25 19:24:51','$2y$12$sGpm.v2lZ.xqU7u9ShXBGOQJGiBNC1ahIxq.cfwqkJ0D2ev0aCZtO','Cairo, EGY',NULL,NULL,NULL,NULL,'2024-12-25 19:17:19','2024-12-25 19:24:51',NULL,NULL,NULL,'buyer',NULL);
INSERT INTO users VALUES(29,'Mahmoud Amr','mahmoudezat041@gmail.com','2024-12-28 15:01:24','$2y$12$LjYjtG/m42BKMjNF5Dx.7OVbErHyGqU8kc/KhBEj/RC3GagjgZv06','giza, EGY',NULL,NULL,NULL,NULL,'2024-12-28 15:00:58','2024-12-28 15:01:24',NULL,NULL,NULL,'buyer',NULL);
INSERT INTO users VALUES(30,'Mahmoud Amr','mahmoudamr0000@gmail.com','2024-12-28 15:34:37','$2y$12$KmAxtW1R3RLtYR3.LW152uTH.8lvLK39ayTdobC.wzNFBOOVwOud2','Cairo, EGY',NULL,NULL,NULL,NULL,'2024-12-28 15:33:58','2024-12-28 15:34:37',NULL,NULL,NULL,'buyer',NULL);
INSERT INTO users VALUES(31,'Mahmoud Amr','mahmoudamr5896@gmail.com','2025-04-16 17:24:38','$2y$12$HX4M78fY1GNKiGfYFsDaV.8fLsm4qFU7DuzRepAFe2dC054Tny5CS','Banisweif, EGY',NULL,NULL,NULL,NULL,'2025-04-16 17:23:51','2025-04-16 17:24:38',NULL,NULL,NULL,'buyer',NULL);
INSERT INTO users VALUES(32,'Mahmoud Amr','mahmoudamr896@gmail.com','2025-04-16 17:41:54','$2y$12$QGiHv27WuyiS2.OvIz5PxO76JTwXTdTTsITo9TUSzHeCip/HQKGvy','Cairo, EGY',NULL,NULL,NULL,NULL,'2025-04-16 17:41:36','2025-04-16 17:41:54',NULL,NULL,NULL,'buyer',NULL);
CREATE TABLE IF NOT EXISTS "password_reset_tokens" ("email" varchar not null, "token" varchar not null, "created_at" datetime, primary key ("email"));
CREATE TABLE IF NOT EXISTS "sessions" ("id" varchar not null, "user_id" integer, "ip_address" varchar, "user_agent" text, "payload" text not null, "last_activity" integer not null, primary key ("id"));
INSERT INTO sessions VALUES('zCD8wJImDUzjHzp31ZXzp9ws0ujkdQTqK51UwKM0',NULL,'127.0.0.1','PostmanRuntime/7.43.0','YTozOntzOjY6Il90b2tlbiI7czo0MDoidmRvS3ZuRVhlaVJjVnprdzBxZDl5VHBQdzZ4blZmemxGaUdjbUNEYiI7czo5OiJfcHJldmlvdXMiO2E6MTp7czozOiJ1cmwiO3M6MjE6Imh0dHA6Ly8xMjcuMC4wLjE6ODAwMiI7fXM6NjoiX2ZsYXNoIjthOjI6e3M6Mzoib2xkIjthOjA6e31zOjM6Im5ldyI7YTowOnt9fX0=',1735233572);
INSERT INTO sessions VALUES('mkvUYd9r74sZHleH4u8R6oBhcIxalgNP996wIHMG',NULL,'127.0.0.1','Mozilla/5.0 (X11; Linux x86_64) AppleWebKit/537.36 (KHTML, like Gecko) Chrome/135.0.0.0 Safari/537.36','YTozOntzOjY6Il90b2tlbiI7czo0MDoiVjg1ZGxjdFB0aTFSWmI4NGI1eUxnQko0aDRlR1pNeW1iY0V6MGs0ViI7czo5OiJfcHJldmlvdXMiO2E6MTp7czozOiJ1cmwiO3M6MjE6Imh0dHA6Ly8xMjcuMC4wLjE6ODAwMiI7fXM6NjoiX2ZsYXNoIjthOjI6e3M6Mzoib2xkIjthOjA6e31zOjM6Im5ldyI7YTowOnt9fX0=',1744824527);
INSERT INTO sessions VALUES('9Ea0zlLNLVrOOfB68cvecdY6A0grMyJktX4RRO9r',NULL,'127.0.0.1','Mozilla/5.0 (X11; Linux x86_64) AppleWebKit/537.36 (KHTML, like Gecko) Chrome/135.0.0.0 Safari/537.36','YTozOntzOjY6Il90b2tlbiI7czo0MDoiZ0tjRDJQdzhLS2p3bmVpMmgxQ3g3MTNBV1ZkOWo2dVFIRFJLSlNpWSI7czo5OiJfcHJldmlvdXMiO2E6MTp7czozOiJ1cmwiO3M6MjE6Imh0dHA6Ly8xMjcuMC4wLjE6ODAwMCI7fXM6NjoiX2ZsYXNoIjthOjI6e3M6Mzoib2xkIjthOjA6e31zOjM6Im5ldyI7YTowOnt9fX0=',1746221893);
CREATE TABLE IF NOT EXISTS "cache" ("key" varchar not null, "value" text not null, "expiration" integer not null, primary key ("key"));
CREATE TABLE IF NOT EXISTS "cache_locks" ("key" varchar not null, "owner" varchar not null, "expiration" integer not null, primary key ("key"));
CREATE TABLE IF NOT EXISTS "jobs" ("id" integer primary key autoincrement not null, "queue" varchar not null, "payload" text not null, "attempts" integer not null, "reserved_at" integer, "available_at" integer not null, "created_at" integer not null);
CREATE TABLE IF NOT EXISTS "job_batches" ("id" varchar not null, "name" varchar not null, "total_jobs" integer not null, "pending_jobs" integer not null, "failed_jobs" integer not null, "failed_job_ids" text not null, "options" text, "cancelled_at" integer, "created_at" integer not null, "finished_at" integer, primary key ("id"));
CREATE TABLE IF NOT EXISTS "failed_jobs" ("id" integer primary key autoincrement not null, "uuid" varchar not null, "connection" text not null, "queue" text not null, "payload" text not null, "exception" text not null, "failed_at" datetime not null default CURRENT_TIMESTAMP);
CREATE TABLE IF NOT EXISTS "personal_access_tokens" ("id" integer primary key autoincrement not null, "tokenable_type" varchar not null, "tokenable_id" integer not null, "name" varchar not null, "token" varchar not null, "abilities" text, "last_used_at" datetime, "expires_at" datetime, "created_at" datetime, "updated_at" datetime);
CREATE TABLE IF NOT EXISTS "products" ("id" integer primary key autoincrement not null, "name" varchar not null, "img" text not null, "likes" integer not null default '0', "price" numeric not null, "category_id" integer not null, "user_id" integer not null, "created_at" datetime, "updated_at" datetime, foreign key("category_id") references "categories"("id") on delete cascade, foreign key("user_id") references "users"("id") on delete cascade);
INSERT INTO products VALUES(1,'colorful dress','"[\"http:\\\/\\\/127.0.0.1:8002\\\/storage\\\/products\\\/G2hjvI0hecUbb1p3S1nvV1rnBwxFVCU0OtNFApNk.png\",\"http:\\\/\\\/127.0.0.1:8002\\\/storage\\\/products\\\/DxJaHqgMq5oopCDuAKa37OVipX2ZdfzSiXOm0333.png\",\"http:\\\/\\\/127.0.0.1:8002\\\/storage\\\/products\\\/I5tY5o9ZmPKcOg7fI2z9npi4BCraMjgJLMZAiGOL.png\"]"',2,10,1,28,'2024-12-26 14:03:40','2024-12-26 22:36:54');
INSERT INTO products VALUES(2,'Sneakers','"[\"http:\\\/\\\/127.0.0.1:8002\\\/storage\\\/products\\\/3WzxEzXvpgKcUNARW0wAWgTAOIrQVl3uJvDvyaS7.png\",\"http:\\\/\\\/127.0.0.1:8002\\\/storage\\\/products\\\/3yAhxhgi6607IkR1mlrlE0aVXCMSdtRPE47dW9kN.png\"]"',2,120,1,28,'2024-12-26 14:09:06','2025-04-16 17:42:47');
INSERT INTO products VALUES(3,'Orange dress','"[\"http:\\\/\\\/127.0.0.1:8002\\\/storage\\\/products\\\/CkB77n9wjLJBHegAAuDbrnRYqmRiFFwQVOEHqEar.png\",\"http:\\\/\\\/127.0.0.1:8002\\\/storage\\\/products\\\/zy5nzKQ1gL3n8vhUg46cIZ0GO02Psd1IHYQKyngI.png\"]"',1,29,1,28,'2024-12-26 14:13:51','2025-04-16 17:42:49');
INSERT INTO products VALUES(4,'Designer shoes','"[\"http:\\\/\\\/127.0.0.1:8002\\\/storage\\\/products\\\/3cQ9didJco8XqzcZnQf6NgGiov6697wLnm9DcEFH.png\",\"http:\\\/\\\/127.0.0.1:8002\\\/storage\\\/products\\\/C6zohmfPexWxzp47rq7WfahrU9KOISvcWeMCgiCh.png\"]"',0,200,2,28,'2024-12-26 14:16:30','2024-12-26 14:16:30');
INSERT INTO products VALUES(5,'School page','"[\"http:\\\/\\\/127.0.0.1:8002\\\/storage\\\/products\\\/E7TFVqFOJ2fhAIVfmA4RkR7WnhZ81BJAPkD84PLy.png\",\"http:\\\/\\\/127.0.0.1:8002\\\/storage\\\/products\\\/iwl1Lsw5yStbZnt55GGyClzl4JFzOLHe9x87SqYt.png\"]"',0,30,3,28,'2024-12-26 14:18:11','2024-12-26 14:18:11');
INSERT INTO products VALUES(6,'Praka','"[\"http:\\\/\\\/127.0.0.1:8002\\\/storage\\\/products\\\/oshRXUd6nmW5dzwMV1iJrVsmeUFpuJEI6ahSqBWV.png\",\"http:\\\/\\\/127.0.0.1:8002\\\/storage\\\/products\\\/2t1LiNfuQKjkSHCrPqv4Kh67Y74J4iRRW4u8sefl.png\"]"',0,10,1,28,'2024-12-26 14:20:05','2024-12-26 14:20:05');
INSERT INTO products VALUES(7,'Set of books','"[\"http:\\\/\\\/127.0.0.1:8002\\\/storage\\\/products\\\/S6qFivQKnvXzrdCcdij7V5Qgt8vSxe3vYZmK5h7Y.png\",\"http:\\\/\\\/127.0.0.1:8002\\\/storage\\\/products\\\/9ArPHtn0vDEZBu0lcz0uksJm92hJCiN6z5mRWy3L.png\"]"',0,50,6,28,'2024-12-26 14:21:52','2024-12-26 14:21:52');
INSERT INTO products VALUES(8,'ssssssss','"[\"http:\\\/\\\/127.0.0.1:8002\\\/storage\\\/products\\\/aUaO6rGTSnL564KDOmGUrbJ1IV4smrSeWTAZDfX7.svg\",\"http:\\\/\\\/127.0.0.1:8002\\\/storage\\\/products\\\/dApxSKyGP0H3pcU9nlyyF9m8lhEcffdZ8VSuTOu6.png\",\"http:\\\/\\\/127.0.0.1:8002\\\/storage\\\/products\\\/6hJNnphAoWHbo5C8H1B1NZfs46ylm94x1rE2efSo.png\"]"',0,12,6,31,'2025-04-16 17:26:16','2025-04-16 17:26:16');
INSERT INTO products VALUES(9,'ssssssss','"[\"http:\\\/\\\/127.0.0.1:8002\\\/storage\\\/products\\\/aSMVWaPWf2oTup74x9bmAKcvumcYHnXMna8cgErD.svg\",\"http:\\\/\\\/127.0.0.1:8002\\\/storage\\\/products\\\/mDdPA48FjETptSW8qom97qKVLh6y92MFjK2uItOF.png\",\"http:\\\/\\\/127.0.0.1:8002\\\/storage\\\/products\\\/E1xx9t5cXstENZyHYe8RbyQNpxankxvtF2XH3sQA.png\"]"',0,12,6,31,'2025-04-16 17:26:25','2025-04-16 17:26:25');
INSERT INTO products VALUES(10,'ssssssss','"[\"http:\\\/\\\/127.0.0.1:8002\\\/storage\\\/products\\\/H8zsU4kQtj562LupFaOaibof2cplxsM2YUWElktN.svg\",\"http:\\\/\\\/127.0.0.1:8002\\\/storage\\\/products\\\/ILQOAc57EhUiIAWqCXJQ57BEgJjOdEdwvKKMCfhI.png\",\"http:\\\/\\\/127.0.0.1:8002\\\/storage\\\/products\\\/gFdRO7BSM2QkcEhvfyJlo6TmRoaAFRgGJzPy5kEa.png\",\"http:\\\/\\\/127.0.0.1:8002\\\/storage\\\/products\\\/5PzpOS8h0ukHOeddAHagUW8w7l7ShhRAI8lKvFXv.png\"]"',0,12,6,31,'2025-04-16 17:26:33','2025-04-16 17:26:33');
INSERT INTO products VALUES(11,'ssssssss','"[\"http:\\\/\\\/127.0.0.1:8002\\\/storage\\\/products\\\/6hVIeFfvqmJWSJxms6QKaNQSMF8M8VUU6fFW5yTo.svg\",\"http:\\\/\\\/127.0.0.1:8002\\\/storage\\\/products\\\/OYSBvv6nLk6jCyv2SyiYq2BW7URxsfjf07ZR9sZR.png\",\"http:\\\/\\\/127.0.0.1:8002\\\/storage\\\/products\\\/oZjD9x3oTUgvpaCZOXs2sYeQjFAoAClrNwiKUXMD.png\",\"http:\\\/\\\/127.0.0.1:8002\\\/storage\\\/products\\\/eLq7cPiDobMNfbwUcbMLMNOmipB6OWwZG6ALiAHf.png\"]"',0,12,6,31,'2025-04-16 17:26:38','2025-04-16 17:26:38');
CREATE TABLE IF NOT EXISTS "categories" ("id" integer primary key autoincrement not null, "name" varchar not null, "description" text not null, "created_at" datetime, "updated_at" datetime);
INSERT INTO categories VALUES(1,'Womenswear','This is Weans Wear','2024-12-26 13:47:16','2024-12-26 13:47:16');
INSERT INTO categories VALUES(2,'Menswear','This Is category','2024-12-26 13:47:48','2024-12-26 13:47:48');
INSERT INTO categories VALUES(3,'Kidswear','This Is category','2024-12-26 13:48:03','2024-12-26 13:48:03');
INSERT INTO categories VALUES(4,'Beauty','This Is category','2024-12-26 13:48:15','2024-12-26 13:48:15');
INSERT INTO categories VALUES(5,'Hobbies','This Is category','2024-12-26 13:48:27','2024-12-26 13:48:27');
INSERT INTO categories VALUES(6,'Homeware','This Is category','2024-12-26 13:48:40','2024-12-26 13:48:40');
CREATE TABLE IF NOT EXISTS "subcategories" ("id" integer primary key autoincrement not null, "name" varchar not null, "img" varchar, "category_id" integer not null, "created_at" datetime, "updated_at" datetime, foreign key("category_id") references "categories"("id") on delete cascade);
INSERT INTO subcategories VALUES(1,'Tops','http://127.0.0.1:8002/storage/subcategories/V7xZsTm8BXreT9FN8BrlYY6tCIaGvptSJ00Fznbj.png',1,'2024-12-26 13:50:40','2024-12-26 13:50:40');
INSERT INTO subcategories VALUES(2,'Bottoms','http://127.0.0.1:8002/storage/subcategories/0lPLXrB93wJCSc1LucBBaOFxJYfksw1chTCEaJD6.png',1,'2024-12-26 13:50:59','2024-12-26 13:50:59');
INSERT INTO subcategories VALUES(3,'Shoes','http://127.0.0.1:8002/storage/subcategories/vclGKJAfse18PzisrEqbo2equ8H0BGeUvuRNGB7L.png',1,'2024-12-26 13:51:40','2024-12-26 13:51:40');
INSERT INTO subcategories VALUES(4,'Swimmwear','http://127.0.0.1:8002/storage/subcategories/fZFMSmtJaLY1LcLMabmEjx3EWj1W1lJPQPosifzH.png',1,'2024-12-26 13:52:25','2024-12-26 13:52:25');
INSERT INTO subcategories VALUES(5,'underwear','http://127.0.0.1:8002/storage/subcategories/Oc5ZOmNziI5D4mIJ3QWHs7fS99BVgNNqsCQxu79R.png',1,'2024-12-26 13:52:46','2024-12-26 13:52:46');
INSERT INTO subcategories VALUES(6,'SportWears','http://127.0.0.1:8002/storage/subcategories/bkdzIGJS7CbYyoFsY14oxgmJG8Vv0jUMgp4dJrz8.png',1,'2024-12-26 13:53:09','2024-12-26 13:53:09');
INSERT INTO subcategories VALUES(7,'Tops','http://127.0.0.1:8002/storage/subcategories/4UCMbm49rawK7IuG1jkcq48QfhDiP4MxwGPPIfTK.png',2,'2024-12-26 17:20:38','2024-12-26 17:20:38');
INSERT INTO subcategories VALUES(8,'Bottoms','http://127.0.0.1:8002/storage/subcategories/T4XqZbCyWaNCa0dlujOJ1rEJ5ghr5Th8BPp1qEvN.png',2,'2024-12-26 17:21:11','2024-12-26 17:21:11');
INSERT INTO subcategories VALUES(9,'Shoes','http://127.0.0.1:8002/storage/subcategories/gCSzxvTVFm0TyKgDlt1fkOPGfBnhjkawg68Po3EF.png',2,'2024-12-26 17:22:05','2024-12-26 17:22:05');
INSERT INTO subcategories VALUES(10,'Swimmwear','http://127.0.0.1:8002/storage/subcategories/W0B9ve0u9rc16qWhkuJkpapmV5vdScJvcaxnSmhl.png',2,'2024-12-26 17:22:47','2024-12-26 17:22:47');
INSERT INTO subcategories VALUES(11,'underwear','http://127.0.0.1:8002/storage/subcategories/6HlqMgShSod3ZjOzY45KbD5SfAATaozPLDuABZFz.png',2,'2024-12-26 17:23:09','2024-12-26 17:23:09');
INSERT INTO subcategories VALUES(12,'SportWears','http://127.0.0.1:8002/storage/subcategories/bEdwG2ahQlmFNoe21hYJymQl1iLFX5AQQdO3d46J.png',2,'2024-12-26 17:23:26','2024-12-26 17:23:26');
INSERT INTO subcategories VALUES(13,'Tops','http://127.0.0.1:8002/storage/subcategories/AuqqhJ5SouoFe6ztuuDqys0xOK2Bl71X4ZhgW9Jq.png',3,'2024-12-26 17:31:26','2024-12-26 17:31:26');
INSERT INTO subcategories VALUES(14,'Bottoms','http://127.0.0.1:8002/storage/subcategories/FmSwfL41gfYA9Bjg6UvjBqHOjrarV67VkRXWEABC.png',3,'2024-12-26 17:31:47','2024-12-26 17:31:47');
INSERT INTO subcategories VALUES(15,'Shoes','http://127.0.0.1:8002/storage/subcategories/CgNvM875ajmxCb6L4Wb5KGcJ6LAWygdViwIWf7r1.png',3,'2024-12-26 17:32:18','2024-12-26 17:32:18');
INSERT INTO subcategories VALUES(16,'Swimmwear','http://127.0.0.1:8002/storage/subcategories/k5AuHOXihF8rfVage2W2f8ecu69jdssAdfbkMf2j.png',3,'2024-12-26 17:32:34','2024-12-26 17:32:34');
INSERT INTO subcategories VALUES(17,'underwear','http://127.0.0.1:8002/storage/subcategories/B9DevgdA3Ryd5pQ81gPECi9UD6FeXlTcFcNsBIVQ.png',3,'2024-12-26 17:32:56','2024-12-26 17:32:56');
INSERT INTO subcategories VALUES(18,'Sportwear','http://127.0.0.1:8002/storage/subcategories/j3IYUMSNnMTpZGPQBnNkTFQ4NNDXkt4UasA5NwmP.png',3,'2024-12-26 17:33:16','2024-12-26 17:33:16');
CREATE TABLE IF NOT EXISTS "carts" ("id" integer primary key autoincrement not null, "user_id" integer not null, "products" text, "created_at" datetime, "updated_at" datetime, foreign key("user_id") references "users"("id") on delete cascade);
INSERT INTO carts VALUES(1,28,'"[{\"id\":1},{\"id\":2}]"','2024-12-27 16:09:44','2024-12-27 16:10:03');
INSERT INTO carts VALUES(2,30,'[]','2024-12-28 15:35:01','2024-12-28 15:35:47');
INSERT INTO carts VALUES(3,31,'[]','2025-04-16 17:25:23','2025-04-16 17:33:34');
INSERT INTO carts VALUES(4,32,'[]','2025-04-16 17:42:54','2025-04-16 17:43:38');
CREATE TABLE IF NOT EXISTS "wishlists" ("id" integer primary key autoincrement not null, "user_id" integer not null, "product_id" integer not null, "created_at" datetime, "updated_at" datetime, foreign key("user_id") references "users"("id") on delete cascade, foreign key("product_id") references "products"("id") on delete cascade);
INSERT INTO wishlists VALUES(1,28,1,'2024-12-26 14:06:39','2024-12-26 14:06:39');
INSERT INTO wishlists VALUES(2,32,2,'2025-04-16 17:42:44','2025-04-16 17:42:44');
INSERT INTO wishlists VALUES(3,32,2,'2025-04-16 17:42:47','2025-04-16 17:42:47');
INSERT INTO wishlists VALUES(4,32,3,'2025-04-16 17:42:49','2025-04-16 17:42:49');
CREATE TABLE IF NOT EXISTS "payments" ("id" integer primary key autoincrement not null, "user_id" integer, "amount" numeric not null, "status" varchar check ("status" in ('pending', 'completed', 'failed')) not null default 'pending', "payment_method" varchar not null, "transaction_id" varchar, "created_at" datetime, "updated_at" datetime, foreign key("user_id") references "users"("id") on delete set null);
INSERT INTO payments VALUES(1,30,13.990000000000000213,'completed','credit_card','TXN123456','2024-12-28 15:35:43','2024-12-28 15:35:44');
INSERT INTO payments VALUES(2,31,13.990000000000000213,'completed','credit_card','TXN123456','2025-04-16 17:33:30','2025-04-16 17:33:30');
INSERT INTO payments VALUES(3,32,13.990000000000000213,'completed','credit_card','TXN123456','2025-04-16 17:43:35','2025-04-16 17:43:35');
DELETE FROM sqlite_sequence;
INSERT INTO sqlite_sequence VALUES('migrations',65);
INSERT INTO sqlite_sequence VALUES('users',32);
INSERT INTO sqlite_sequence VALUES('categories',6);
INSERT INTO sqlite_sequence VALUES('subcategories',18);
INSERT INTO sqlite_sequence VALUES('products',11);
INSERT INTO sqlite_sequence VALUES('wishlists',4);
INSERT INTO sqlite_sequence VALUES('carts',4);
INSERT INTO sqlite_sequence VALUES('payments',3);
CREATE UNIQUE INDEX "users_email_unique" on "users" ("email");
CREATE INDEX "sessions_user_id_index" on "sessions" ("user_id");
CREATE INDEX "sessions_last_activity_index" on "sessions" ("last_activity");
CREATE INDEX "jobs_queue_index" on "jobs" ("queue");
CREATE UNIQUE INDEX "failed_jobs_uuid_unique" on "failed_jobs" ("uuid");
CREATE INDEX "personal_access_tokens_tokenable_type_tokenable_id_index" on "personal_access_tokens" ("tokenable_type", "tokenable_id");
CREATE UNIQUE INDEX "personal_access_tokens_token_unique" on "personal_access_tokens" ("token");
COMMIT;
